anio,unidad,ingresos_totales,gastos_personal,liquidez,dias_efectivo,cfo,participacion_ley30,participacion_regalias,participacion_servicios,participacion_matriculas,hhi_fuentes,endeudamiento,tendencia_ingresos,gp_ratio,label,ratio_gastos_personal_ingresos,ratio_cfo_ingresos,ratio_liquidez_endeudamiento,diversificacion_fuentes,anios_cobertura_efectivo,delta_gp_ratio_anual,delta_liquidez_anual
2016,Ciencias Económicas,112796893471.00256,57697505446.5357,1.7686718409687652,102.05680225320756,6299227711.793105,0.3565107477078985,0.085345972901087,0.2366382488627058,0.2022619481964017,0.2455103175187036,0.4165016716161784,0.0178917572906259,0.511516795108975,0,0.511516795108975,0.055845755303646626,4.246493877541319,0.7544896824812963,0.27960767740604814,,
2016,Derecho,67566651177.97894,32202890885.50818,1.260682833461194,90.11801152544416,6414645943.038824,0.2278462107060342,0.032392973526914,0.3049029496123625,0.1524580587014578,0.2489221200619721,0.3434859235085126,0.0216659073405547,0.4766092491498767,0,0.47660924914987673,0.09493804756050216,3.670260440024542,0.7510778799380279,0.24689866171354563,,
2016,Educación,92560911717.48232,42678068075.53863,1.8699041909327616,113.50005159538584,7471860875.417036,0.403408019366454,0.0668651596195513,0.2146662754720879,0.1890504658827481,0.2649092083113633,0.3804823461736828,0.0601253762588597,0.461080895635537,0,0.4610808956355371,0.08072371735298928,4.914562161928966,0.7350907916886367,0.3109590454668105,,
2016,Facultad de Ingeniería,184908925565.2797,78204055230.45029,1.8052943056192088,93.5744253904058,4134823981.829304,0.3641489249025996,0.0298741057216381,0.1910699874015732,0.246057461483886,0.2590590767077234,0.3456869896915058,0.0321727706847118,0.4229328302642771,0,0.4229328302642771,0.02236140829432032,5.222337858323483,0.7409409232922766,0.25636828874083784,,
2016,Institutos,81972253788.63937,42702207316.315575,1.1652065526174884,88.98636462303102,6335817431.093542,0.4224288292662225,0.0778440017027567,0.2085286685528102,0.162013295933481,0.2709271351372312,0.3952168014287351,0.0294759955706287,0.5209348937314899,1,0.5209348937314899,0.07729221947989955,2.948271730661429,0.7290728648627688,0.24379825924118087,,
2016,Medicina,186799338671.8841,94483786707.06538,1.0192341490419046,109.9833174072631,13319246561.90809,0.2874405063263402,0.0363134532297667,0.144094601236817,0.1615525034745311,0.2681467482131939,0.3253969476637355,-0.0382378539063545,0.5058036467303966,0,0.5058036467303967,0.07130242888762872,3.1322792823870804,0.7318532517868062,0.30132415728017287,,
2016,Nivel Central,240684855900.87064,132097374182.3852,1.3878873581508095,93.61135316019336,23525970567.23397,0.3711459639807974,0.0616298179740682,0.2175494150602769,0.239321566990612,0.2583279581570644,0.3581876430769773,-0.06663316454045,0.5488395756681563,0,0.5488395756681563,0.09774595281110443,3.874749300341019,0.7416720418429357,0.25646946071285853,,
2016,Sedes y Seccionales,65795504339.40553,31717384437.46397,1.4550470530708262,132.25313080596712,4519136789.225881,0.3088357417692754,0.076119642232443,0.2676415430905828,0.1815378830659077,0.2332729751049865,0.5090705228208819,,0.4820600549522369,0,0.48206005495223686,0.06868458315805215,2.8582425405926783,0.7667270248950135,0.3623373446738825,,
2017,Ciencias Económicas,100420775869.84166,58253117931.75008,1.3547337990799495,116.2372382246916,-16629382569.323437,0.294017246453908,0.0633588459080333,0.2476928083001605,0.158773017609055,0.2327917225372883,0.372545922053905,-0.0473093545004245,0.5800902993146922,0,0.5800902993146922,-0.16559703333578374,3.6364208612105533,0.7672082774627117,0.31845818691696326,0.06857350420571728,-0.41393804188881567
2017,Derecho,73914828634.95139,39282645810.6814,1.8947014784517051,98.95850868404072,18654257386.51001,0.3544521721207054,0.0383636175341876,0.2652153110067321,0.2279995059433045,0.2624200680050245,0.2528482425967379,,0.5314582545363055,0,0.5314582545363055,0.2523750339548126,7.493433152071344,0.7375799319949755,0.27111920187408417,0.054849005386428784,0.6340186449905112
2017,Educación,95914574207.74568,54093464971.37405,1.3280490625644423,73.53088161531302,8803698878.14121,0.333324800343495,0.0866126155272129,0.2308198284136005,0.2302185728778525,0.23905230827951,0.3580410206784873,0.0757396214612549,0.5639754481337798,1,0.5639754481337798,0.09178687338039873,3.70920913742146,0.76094769172049,0.20145447017893978,0.10289455249824275,-0.5418551283683193
2017,Facultad de Ingeniería,166353159058.12463,89905141605.03621,1.7188302992282547,74.76548533220137,4558966627.773841,0.3232824362190741,0.1041186016545091,0.3293393044486893,0.2201621559151551,0.2728214637178576,0.4429894860716994,0.0300460959734695,0.5404474559669943,1,0.5404474559669943,0.027405350481988233,3.8800701020460675,0.7271785362821424,0.20483694611562017,0.1175146257027172,-0.08646400639095408
2017,Institutos,79466679357.30127,36418977656.14899,1.1620494424977683,,11694595162.749365,0.3517485054995147,0.1153320614220374,0.2173195269964329,0.162639810468054,0.2341047711262686,0.3880177539811255,0.0380659732830824,0.4582924308740839,0,0.45829243087408394,0.14716350623092803,2.9948356760137775,0.7658952288737314,,-0.06264246285740604,-0.0031571101197200857
2017,Medicina,210566283492.7202,114048549007.01276,1.5732161502668007,112.4281174918966,-30534927270.813225,0.3011193206686172,0.0215256854060574,0.2547893659569804,0.2550320218685454,0.2491626627680512,0.3968435537183774,0.037729105577837,0.5416277815956974,1,0.5416277815956974,-0.14501337424169758,3.964323209694901,0.7508373372319488,0.3080222397038263,0.03582413486530078,0.5539820012248962
2017,Nivel Central,235740641804.16302,111335177072.30092,1.402537976104727,122.96939378590886,21570875751.88907,0.2556736573660497,0.0569521100396714,0.1973215411906235,0.2199701121218881,0.2288798023851541,0.2294584816879209,-0.0468826382160513,0.4722782470609818,0,0.4722782470609818,0.09150257497732893,6.112382094850836,0.7711201976148458,0.33690244872851743,-0.07656132860717452,0.014650617953917422
2017,Sedes y Seccionales,70337959632.34299,36336663840.64108,,118.25383860902248,4036028165.4483953,0.289171758288226,0.0490149282254387,0.1901072459703897,0.1736669145180311,0.2411510678688226,0.408063635149364,0.0550233271054728,0.5166010505646322,0,0.5166010505646322,0.05738051240816115,,0.7588489321311774,0.32398311947677394,0.03454099561239532,
2018,Ciencias Económicas,111713700402.77003,55897899296.51482,1.5035612413191564,90.06054403857645,8826307762.798704,,0.0545120685295529,0.1675504161340756,0.1769951764810467,0.2467206391090731,0.3938325794620841,0.0739092564777927,0.5003674490683041,1,0.5003674490683041,0.0790082839524296,3.8177674513244173,0.753279360890927,0.24674121654404507,-0.07972285024638814,0.14882744223920685
2018,Derecho,70656453001.98996,37813596978.24871,1.0776141410197952,108.3763996589964,4384977940.901984,0.2771583093733158,0.0652397839356668,0.3014767097255383,0.1826322512985132,0.2354155057801477,0.2869965005772944,0.1054592798715842,0.5351754209510593,1,0.5351754209510593,0.0620605444314971,3.7547987564454037,0.7645844942198523,0.29692164290136003,0.0037171664147538364,-0.8170873374319099
2018,Educación,91969266884.93433,53648214311.3473,1.2456695292992188,97.13288596965376,9056382703.450983,,0.0631949739011184,0.1369762464618521,0.2035474221884324,0.2533906401847551,,0.0098902598899709,0.5833276281137294,1,0.5833276281137294,0.09847183749742956,,0.7466093598152449,0.26611749580727057,0.019352179979949646,-0.08237953326522351
2018,Facultad de Ingeniería,162984532328.04852,81819035583.14615,1.323888653539236,98.43431030597569,-17233736179.580048,0.2969122552070157,0.054887612589388,0.0800705447269637,0.1091386758196061,0.3201647369841567,,-0.0430214165487475,0.5020049106160833,1,0.5020049106160833,-0.10573847673405411,,0.6798352630158433,0.26968304193417997,-0.03844254535091096,-0.3949416456890187
2018,Institutos,78015051662.17247,40837959190.06778,1.3184308142782135,66.56949318489873,16766030668.952995,0.2484666818911097,0.0915100187168481,0.2365281638274422,0.1728164599608359,0.2187606750549695,0.4785154886452615,-0.0396480178326081,0.5234625667737535,0,0.5234625667737535,0.21490764040706803,2.7552520618681307,0.7812393249450305,0.1823821731093116,0.06517013589966958,0.1563813717804452
2018,Medicina,199304513538.58585,111053045216.63382,1.5604910671884882,88.05506041460558,-38417592441.7319,0.377530495843424,0.0668527596273845,0.2136781218145182,0.2270364308733842,0.2574049611374159,0.3076026277294317,0.063090051305646,0.5572028613146972,1,0.5572028613146971,-0.1927582660304086,5.073074401140543,0.7425950388625842,0.2412467408619331,0.015575079718999851,-0.012725083078312549
2018,Nivel Central,237752397076.9665,124081464812.08788,1.2319301710311432,86.95786807315346,15995760721.032022,0.3759075271275922,0.0400123850145296,0.2437449161468492,0.1052600074699779,0.2686590460687039,0.2972601578977327,0.0128026452262243,0.5218936437133779,1,0.5218936437133778,0.06727907233614047,4.144282699372517,0.7313409539312961,0.23824073444699578,0.04961539665239606,-0.17060780507358375
2018,Sedes y Seccionales,60948048795.15456,32967371864.181183,1.2985330412515956,40.50935480394774,6324312402.976638,0.3208291844442108,0.0969675990176689,0.2396039023275834,0.2098957184618526,0.2314105678142425,0.4220268685543029,0.0803433987946645,0.5409093894865118,1,0.5409093894865118,0.10376562544655947,3.0768965372534,0.7685894321857575,0.11098453370944586,0.024308338921879558,
2019,Ciencias Económicas,131159852515.41852,67290668277.58712,1.3439816469459775,108.69175553378396,9320575183.076912,0.4047676464878477,0.0528212814751547,0.1925678935906901,0.0777178158372856,0.2838016009355539,0.3137553835132573,0.0250202916869347,0.5130431834671112,0,0.5130431834671113,0.07106271472805469,4.283533206861636,0.716198399064446,0.29778563159940813,0.012675734398807093,-0.1595795943731788
2019,Derecho,75070147574.88701,43114387437.6935,1.584289174876964,117.74825560584247,6007720923.849249,0.3330335332677542,0.0889780722325152,0.1264801260626399,0.1560507293328628,0.246472641446685,0.3782723195794628,0.0725342847680438,0.5743213358503697,0,0.5743213358503697,0.08002809529388742,4.1882238033066495,0.753527358553315,0.32259796056395196,0.03914591489931041,0.5066750338571688
2019,Educación,97726443270.3066,50828415460.18506,1.4161402864368169,97.9081739859224,9677123329.69856,0.2713214881593878,0.0828131248589492,0.180591722055617,0.1906093583359319,0.2248591424608058,,-0.007432946243688,0.5201091307456686,0,0.5201091307456686,0.0990225675453276,,0.7751408575391943,0.26824157256417097,-0.06321849736806084,0.17047075713759807
2019,Facultad de Ingeniería,152736632689.66312,84236771007.45686,1.8831732052571133,70.61722682490331,18277718039.49787,0.3636902931202528,0.066771781019996,0.219408475276059,0.275694610637509,0.2664172428058243,0.4702988804749877,-0.0249395879145183,0.5515164864123512,0,0.5515164864123512,0.1196682008607282,4.0042050776585185,0.7335827571941758,0.1934718543148036,0.04951157579626786,0.5592845517178773
2019,Institutos,84240807790.99437,41793762397.065895,1.0214508925976236,107.7724935881754,5819995538.209627,0.3098834355865162,0.0794728875959831,0.269897869283858,0.1609740892837424,,0.2663577119151032,0.0105954287356441,0.496122526516582,0,0.49612252651658206,0.0690876036308831,3.8348837242390625,,0.2952671057210285,-0.02734004025717146,-0.29697992168058995
2019,Medicina,203468021465.96655,105382682553.07584,1.3727182677372065,153.77592470398332,-34554950471.16929,0.2676821219631379,0.0524850017803614,0.1510137510670625,0.2009287376513052,0.2450980106959715,,0.0310249050354173,0.517932409200248,1,0.517932409200248,-0.16982988394050505,,0.7549019893040285,0.4213039032985844,-0.03927045211444924,-0.18777279945128167
2019,Nivel Central,230483942387.17133,119881336238.22548,1.307921555257103,121.0669757134077,14948792519.496267,0.4429085099791788,0.0431824276572027,0.2207152545356568,0.1647045188281776,0.2903849697651772,0.4047529603273183,0.0399295112463225,0.5201287994147832,0,0.5201287994147832,0.06485828194653578,3.231406934949494,0.7096150302348228,0.33169034442029505,-0.0017648442985946922,0.07599138422595986
2019,Sedes y Seccionales,64156261768.34713,34188098216.349834,1.3418885532677884,86.88606408284123,7472654382.08968,,0.057226341094503,0.2057876450789685,0.178278328968774,0.2351941484037421,0.3796635750811294,0.0471370364649031,0.5328879406938462,0,0.5328879406938462,0.11647583846252829,3.534414692367833,0.7648058515962579,0.23804401118586638,-0.008021448792665642,0.04335551201619281
2020,Ciencias Económicas,99065535018.05376,56282340633.914406,1.9215938142881,101.11855711509403,25189167432.85432,0.3165353255124623,0.0577829855789398,0.2029369141896707,0.1712821495158823,0.2372879034773102,0.3481515734927339,0.0064513558779849,0.5681324047122692,0,0.5681324047122693,0.25426771710528623,5.519417131498425,0.7627120965226898,0.27703714278107955,0.05508922124515803,0.5776121673421224
2020,Derecho,77427696345.47656,34258780662.42544,1.2595044441119143,117.77438587002888,4036273328.2344494,0.3310209379392788,0.0483629958036625,0.1870219955863852,0.2100377838875872,0.2409843515710691,0.2914257449356571,0.1171316925147852,0.4424615774381991,0,0.4424615774381991,0.052129580482737095,4.3218707433390575,0.7590156484289309,0.32266955032884626,-0.13185975841217062,-0.32478473076504977
2020,Educación,101143974565.97543,58849032945.07658,1.2656935829289473,98.42892482631122,9404759282.88375,0.2726237295661396,0.0706702163667965,0.1992190311922124,0.1610658011971683,0.232813932769221,0.3478128013579017,0.0677123411776916,0.5818342931213348,0,0.5818342931213347,0.09298388088110082,3.6390079421960686,0.767186067230779,0.2696682871953732,0.061725162375666276,-0.1504467035078696
2020,Facultad de Ingeniería,172868788412.39478,98845423596.11948,1.0004271498652284,92.13108454441632,13292013158.99182,0.4177443090990554,0.0899128827406693,0.2734696334852868,0.1490916514301123,0.2844780562184949,0.4211417595605494,0.0241304447417068,0.5717945067117287,1,0.5717945067117287,0.0768907636888301,2.3755115786998484,0.715521943781505,0.25241393025867487,0.02027802029937753,-0.8827460553918849
2020,Institutos,88815345486.20586,48808511024.47886,1.4982981442788854,115.78919531568464,7215369278.586036,0.3652489740186552,0.0736406955366682,0.2348278283643269,0.2009337052173817,0.2500605488024896,0.307489127522765,0.1250314401828751,0.5495504268691882,0,0.5495504268691882,0.08124011947582498,4.872686418615222,0.7499394511975104,0.3172306720977661,0.053427900352606195,0.47684725168126185
2020,Medicina,213352103068.13354,101817971855.50555,1.3286870546908065,101.40724576497723,11599844276.91916,0.3158685807796488,0.0628485117002587,0.2470615648598836,0.2336039481414573,0.2391063688062204,0.3551725700955103,0.0251173665963026,0.4772297549042215,0,0.4772297549042214,0.05436948645036217,3.740961800411243,0.7608936311937796,0.27782807058897874,-0.040702654296026486,-0.04403121304640001
2020,Nivel Central,231939025396.9935,123366022710.37566,1.517192804606124,70.28723722336382,34401447319.25624,0.3842321511672969,0.0838237852465397,0.2379843529783198,0.1654257119933512,0.2551839802145535,0.4577636741870804,-0.0170113379006783,0.5318898900226852,0,0.5318898900226852,0.14832108249301185,3.31435816561209,0.7448160197854465,0.1925677732146954,0.01176109060790198,0.20927124934902097
2020,Sedes y Seccionales,65083358481.67987,34833866234.82618,1.146197197709715,54.51408855218752,4332965185.622183,0.4061926008599901,0.0463354811400042,0.1278984080797461,0.2240610394461269,0.2719258841037897,0.4741537251659986,0.004181728552946,0.535219248782797,1,0.535219248782797,0.0665756237340127,2.4173535136413884,0.7280741158962103,0.1493536672662672,0.0023313080889508786,-0.1956913555580735
2021,Ciencias Económicas,125209562389.15115,64888089621.12253,1.5449381406794616,58.2515308858675,23106719286.109444,0.3539770807786614,0.0715937955828866,0.2062561226717032,0.1233567098991227,0.2481189276713567,0.528975443424991,0.0105858175513775,0.5182358949506622,0,0.5182358949506622,0.18454436582322514,2.9206235009136097,0.7518810723286433,0.15959323530374658,-0.04989650976160698,-0.3766556736086384
2021,Derecho,80648172909.88522,41291890163.569565,1.1381188125995645,107.24032658491411,5523009515.140212,0.4375338015515433,0.0485808382628514,0.1448270800375302,0.1707057041402904,0.2832549902936201,0.3794523711180442,0.0576049122538079,0.5120003178461137,1,0.5120003178461137,0.06848276056187312,2.9993719086598802,0.7167450097063799,0.29380911393127157,0.06953874040791458,-0.12138563151234982
2021,Educación,91449781806.6488,48757990936.1422,1.6057052399496714,54.30643039410653,5394111111.806449,0.2922809457089753,0.057014181165051,0.3193381518584581,0.1529812226485427,0.2458802639114124,,-0.0019262774741486,0.5331668372837745,0,0.5331668372837745,0.05898440658077408,,0.7541197360885876,0.1487847408057713,-0.04866745583756038,0.3400116570207241
2021,Facultad de Ingeniería,170917957588.87988,100258608118.94786,1.315355978287264,80.97222789212236,8913080223.272886,0.283442250787836,0.0832440809819905,0.1651398476758482,0.0950759859983023,0.2627816931045558,0.3677307169518314,0.0858142968511971,0.586589083635708,1,0.586589083635708,0.05214829587837751,3.5769542273239536,0.7372183068954442,0.22184172025239005,0.014794576923979341,0.3149288284220355
2021,Institutos,86850349836.78622,48375245578.66163,1.154899149907966,83.16843797595918,4310000696.714934,0.3191534129926625,0.0579521784979262,0.1063691144522848,0.1542956063413371,0.2715492253258029,0.3993394788265717,,0.556995402661831,1,0.556995402661831,0.04962559972198748,2.892023409208911,0.728450774674197,0.2278587341807101,0.007444975792642805,-0.3433989943709195
2021,Medicina,205408116813.39505,104298008928.68416,1.344373829568653,73.14181527987816,9381915731.874828,0.4109517340542251,0.053522804324293,0.2105851570753166,0.1439996572076335,0.2695675458205497,0.3021810432200972,0.023350114119429,0.5077599198450111,1,0.5077599198450111,0.045674513146907035,4.448901793288351,0.7304324541794502,0.20038853501336482,0.03053016494078964,0.01568677487784642
2021,Nivel Central,216025109087.69083,113434190427.31996,1.1170608411837126,146.65053578919614,46883716949.12749,,0.0662618385910389,0.1807140300616244,0.1771846465563483,0.2365172470533124,0.4204142017117352,-0.0554779760511556,0.5250972486780402,0,0.5250972486780402,0.21702901642834507,2.6570482397242223,0.7634827529466877,0.4017822898334141,-0.006792641344644967,-0.4001319634224114
2021,Sedes y Seccionales,58382366064.33834,37264441390.96215,1.2887704653487395,52.97062544116976,6942745866.621546,0.2165296020793981,0.0592878903078034,0.1081791324837676,0.1362290632329604,0.310844595243431,,-0.0500487485228087,0.6382824798483864,1,0.6382824798483864,0.11891854226960456,,0.689155404756569,0.14512500120868427,0.10306323106558934,0.14257326763902456
2022,Ciencias Económicas,121171376130.8366,60646985210.30818,0.9925229336840772,105.80956467963048,,0.3678300965528005,0.0316254817192909,0.1767283864242423,0.1250124811591112,0.2724437580071112,0.4139244717157319,0.0116189041418964,0.5005058714924859,1,0.5005058714924859,,2.3978357829187438,0.7275562419928888,0.28988921830035747,-0.017730023458176314,-0.5524152069953844
2022,Derecho,79250787189.42578,40448731007.69087,0.9856926546929684,148.30013836911058,5087583596.692193,0.3067277187552112,0.0785916893988542,0.283041063461338,0.2334981530256485,0.2445239077244022,0.3612442233566642,0.0423857087946777,0.5103890124272208,0,0.5103890124272209,0.06419600078585737,2.7286045386357016,0.7554760922755979,0.40630174895646737,-0.0016113054188928722,-0.15242615790659608
2022,Educación,107232859160.89024,55820005067.738335,1.1671207984970522,72.04445590711043,,0.2739953445755193,0.0475195029952026,0.31022181617013,0.178997594216736,0.2414307870881066,0.3466011330154218,0.0624654716410808,0.5205494426292132,0,0.5205494426292132,,3.3673310720880165,0.7585692129118934,0.19738207097838475,-0.012617394654561243,-0.4385844414526192
2022,Facultad de Ingeniería,168466708271.0406,93764804459.5067,0.9898916466782232,118.08469064075364,11326319716.957417,0.2657048799436566,0.0453507602655908,0.1593738434452415,0.2634845343835274,0.2382816463130257,0.4960164434037306,0.0236822082261488,0.5565776492091931,1,0.5565776492091931,0.06723179809944924,1.99568308648928,0.7617183536869743,0.3235197003856264,-0.030011434426514993,-0.32546433160904076
2022,Institutos,96560218772.82063,51894356109.69922,1.70168906342089,106.8343803210573,4031227054.646995,0.3666792547197336,0.0685340359835043,0.1845838757793226,0.2183932179997492,0.2470997464699926,0.4058441766607576,0.0294609259791408,0.5374299765392229,0,0.5374299765392229,0.041748321471095175,4.1929615338886705,0.7529002535300073,0.29269693238645833,-0.019565426122608143,0.5467899135129242
2022,Medicina,219942081545.07343,112454236178.04152,1.4239169934473823,93.89070144162308,5072752368.569382,0.3537981696501488,0.0402639222141935,0.2229645566947353,0.2497616434804333,0.2566337595137436,,0.0158366694560678,0.511290224172021,0,0.511290224172021,0.02306403728169594,,0.7433662404862564,0.2572347984702002,0.0035303043270098478,0.0795431638787294
2022,Nivel Central,220480289352.75308,123124274584.8238,1.4623631651507207,131.78154250897614,18778601291.636063,0.2237470663544419,0.0768326124661331,0.2866099941947452,0.1643348915800297,0.2268572874030524,0.3988738607869475,0.0366695633658955,0.5584366518488805,0,0.5584366518488805,0.08517133820335118,3.6662295333248847,0.7731427125969477,0.3610453219424004,0.033339403170840276,0.3453023239670081
2022,Sedes y Seccionales,63834983405.38364,33420037891.10951,1.2432123070754335,64.65167666150819,,0.3101381815797857,0.0191580716900915,0.1500383065695206,0.2223078040571286,0.2575022555887036,0.3296230692446067,0.0909569737742265,0.5235379741367798,0,0.5235379741367798,,3.771617903468678,0.7424977444112963,0.177127881264406,-0.11474450571160655,-0.045558158273306004
2023,Ciencias Económicas,127942629571.4576,72287431866.86932,1.4919422185591198,62.77749094320888,5553476517.24027,0.3447035127619534,0.0560177523448549,0.2345437193712461,0.1911865068063184,0.2436406218469181,0.3300553720303265,0.0758777583366521,0.5649987975782212,1,0.5649987975782214,0.0434059901366853,4.5202784132210745,0.756359378153082,0.17199312587180515,0.06449292608573531,0.4994192848750426
2023,Derecho,79873026431.13173,37548952278.077225,1.3013768958698404,114.84001060384352,4534525201.259234,0.3224966914249079,0.0709928519160077,0.2351893965393094,0.1897506304212349,0.2333312759338735,0.3499108777986123,-0.0326044844672024,0.4701080446782964,0,0.4701080446782964,0.056771671287164774,3.7191666257005265,0.7666687240661265,0.3146301660379275,-0.04028096774892437,0.315684241176872
2023,Educación,103412215267.8171,57588204553.58153,1.5881479026486172,115.91465747830154,,0.307182013638535,0.0674304936359953,0.212069739652075,0.092516562774471,0.2553539535359269,0.3062602440375931,0.0168428934138506,0.5568800978147458,0,0.5568800978147458,,5.185615442132017,0.7446460464640732,0.3175744040501412,0.03633065518553258,0.42102710415156497
2023,Facultad de Ingeniería,171339712261.73602,112901246195.93803,1.2783748458121014,55.5027045055618,8566619224.657822,0.2960411782713723,0.0728410937854366,0.1211056034239775,0.2084905854188207,0.2419963341065992,0.4060299214854815,-0.0197345342822716,0.6589321570907727,1,0.6589321570907727,0.04999786162574839,3.1484744022074946,0.7580036658934008,0.15206220412482685,0.10235450788157963,0.2884831991338782
2023,Institutos,94862291806.21336,55192825634.89855,1.5968712220016068,57.92190663329646,-1436194526.0637827,0.2031915578991444,0.0528395979487331,0.2085982730857041,0.1994190090431236,0.2402234650408361,0.3817788604223049,0.0931493808314623,0.5818204956258868,1,0.5818204956258867,-0.01513978313951839,4.1827124173614605,0.7597765349591639,0.15869015515971632,0.044390519086663915,-0.1048178414192833
2023,Medicina,226967211800.29883,116819944009.94148,1.215764469362682,117.93684594000516,6673953786.896633,0.3330025364040417,0.0675384022887526,0.1640652199427213,0.2115931213893719,0.2372279327107722,0.3035371306926688,0.0622672437087771,0.514699647950593,0,0.514699647950593,0.029404924764061653,4.0053235877109445,0.7627720672892278,0.32311464641097304,0.003409423778572007,-0.20815252408470042
2023,Nivel Central,228423471597.2614,126772187733.0488,1.4741909700939635,114.82897142498206,,0.395354247335835,0.0747565078474581,0.199812023305427,0.0954180741164133,0.2659878853336112,0.31345524729834,0.0702614430222647,0.5549875713147541,1,0.554987571314754,,4.703034757815084,0.7340121146663888,0.31459992171227963,-0.003449080534126403,0.011827804943242759
2023,Sedes y Seccionales,68688848566.37004,36619218584.47681,1.3392174208829293,57.64711505308109,-1608523271.2064795,0.3144983673621307,0.0430871114320954,0.2655730304791158,0.1250201248358755,0.2503387886959461,0.4079939578711508,0.0402812056397873,0.5331173741993037,1,0.5331173741993037,-0.023417531444747643,3.282444169139946,0.7496612113040539,0.15793730151529065,0.00957940006252389,0.09600511380749577
2024,Ciencias Económicas,144652428182.52933,84423231760.45982,1.3298962474190716,96.6445829534248,-33011593840.145737,0.2758774532900009,0.0261589516924408,0.2571343110580809,0.1767766711182819,0.2438844877106613,0.4212238977768633,0.0743817260519271,0.5836281687157755,1,0.5836281687157755,-0.22821320219035754,3.1572192908944836,0.7561155122893387,0.2647796793244515,0.01862937113755425,-0.16204597114004815
2024,Derecho,82781817431.34923,49539553719.94651,1.64089453717967,60.590423678328655,5347246747.377034,0.3332885033019108,0.0316421102394066,0.2420291150144499,0.1833038167814508,0.2482502117494692,0.5547485436241043,0.0130836379556963,0.5984352030085538,1,0.5984352030085538,0.06459445942717426,2.95790683267204,0.7517497882505308,0.16600116076254426,0.12832715833025737,0.33951764130982953
2024,Educación,114564143436.4144,62247990685.02573,1.5148764223633049,104.23069893910991,6040497269.618941,0.3957734296084995,0.0553136255088246,0.1459020771948572,0.2288031405695311,0.2636828302029788,0.4150533049601606,0.1119929856757113,0.543346188588009,0,0.543346188588009,0.052725897374439404,3.649835738593516,0.7363171697970212,0.28556355873728745,-0.013533909226736807,-0.07327148028531227
2024,Facultad de Ingeniería,168213524094.487,91962499983.26688,0.772001314366346,104.18975036425134,7863329552.152785,0.33506244947837,0.0802547810791274,0.2339370428048,0.1251620611962156,0.2399877466096606,0.5687529073910629,0.1215468155287737,0.5467009889859435,1,0.5467009889859434,0.04674611981695292,1.3573579857974314,0.7600122533903394,0.28545137086096256,-0.11223116810482914,-0.5063735314457554
2024,Institutos,95938397015.83038,50738856653.68054,1.514532426190588,102.16142523402934,-2030357185.4035544,0.368902850197998,0.0620293378490483,0.1989157949612423,0.1522830881451025,0.2501614542150387,0.4498219885959628,0.040798943806812,0.5288691309414764,1,0.5288691309414764,-0.02116313435035332,3.3669594437753694,0.7498385457849612,0.27989431570966944,-0.05295136468441042,-0.08233879581101888
2024,Medicina,242257334983.92548,131715191006.79236,1.4320455232740643,84.48645505620004,14242864505.89658,0.3680534178823241,0.0580263060638097,0.2092508477518054,0.1090491458697459,0.2598497329008183,,0.0004268850698595,0.5436994963043413,0,0.5436994963043413,0.0587922941810684,,0.7401502670991817,0.2314697398800001,0.02899984835374836,0.21628105391138241
2024,Nivel Central,231153553978.4891,136537769821.73187,1.2064340530615223,96.66954680817426,5816412206.773385,0.3410138678058848,0.0548131673141458,0.2689279539070255,0.1748930170166801,0.2479175151065036,0.5938484085649725,0.0043946059674252,0.5906799504992164,1,0.5906799504992163,0.025162547175522354,2.031552186291673,0.7520824848934964,0.26484807344705275,0.03569237918446233,-0.2677569170324412
2024,Sedes y Seccionales,64057386148.95217,32245158944.261284,1.589212415126553,54.47979729278064,1638987572.481452,0.2989853767349968,0.0972312824766363,0.2667994225438159,0.1952087657946468,0.2282347657583958,0.5423689054916767,0.0367318599323593,0.503379249182629,1,0.503379249182629,0.02558623869962983,2.930131815695734,0.7717652342416041,0.14925971861035792,-0.02973812501667472,0.2499949942436237
2025,Ciencias Económicas,142706654986.28525,73702936735.23897,,132.69486726145502,6745379345.055219,0.3367971352822294,0.0656920605962711,0.2809492931066213,0.1968071838795344,0.2497544289510425,0.3098809771956847,0.025097596873004,0.5164646087620942,0,0.5164646087620942,0.04726744765829933,,0.7502455710489575,0.3635475815382329,-0.06716355995368128,
2025,Derecho,85755137057.07195,48027374667.70742,1.291024483117724,118.58787273433094,3472714783.7870493,0.2884435850858764,0.0900516181161887,0.0805943558457498,0.1165117429284947,0.2914936870211675,0.48705556330727,0.0033411406441289,0.5600524506857721,1,0.5600524506857721,0.040495705598090063,2.6506718203658703,0.7085063129788325,0.3248982814639204,-0.038382752322781655,-0.34987005406194593
2025,Educación,109958725258.5018,66890966152.85871,1.0840108590200694,89.39135852794736,3451619174.9825883,0.2896112838927719,0.0452171545128843,0.2343607140451684,0.1944481223908669,0.2345216412536186,0.4320528006975357,0.0087931892591517,0.608327952107528,1,0.608327952107528,0.03139013449699587,2.508977680922774,0.7654783587463814,0.24490783158341742,0.06498176351951901,-0.43086556334323545
2025,Facultad de Ingeniería,186669848767.06537,97254669294.58565,1.4858805119463838,145.04553453162595,11239676542.986418,0.3299870072432586,0.069486945957436,0.1918038034236763,0.1401071412489639,0.2422926437351181,0.3554850232480702,0.0754589969486714,0.5209982754951722,0,0.5209982754951722,0.06021152648498562,4.179867991543495,0.757707356264882,0.3973850261140437,-0.025702713490771356,0.7138791975800378
2025,Institutos,92638679342.211,47942645816.9161,1.2691849098504158,60.31654168640532,-17079781242.224829,0.2435015469160113,0.0535152930351894,0.2045124427991947,0.194067174869984,0.2343058141741049,0.3887035148303462,0.0378570905344368,0.5175229845388236,1,0.5175229845388236,-0.18436986972937547,3.265174686554142,0.7656941858258951,0.1652507991408365,-0.011346146402652746,-0.24534751634017216
2025,Medicina,226558438857.7636,135709437241.02762,1.3788478052116755,53.14624529495305,16366613447.016373,0.3538406491234805,0.0249785930161526,0.1867071516490306,0.1814376201001567,0.2576335158129526,0.4466296191221492,0.0205811025959765,0.5990041153409775,1,0.5990041153409774,0.07224014046676738,3.087228690854661,0.7423664841870474,0.14560615149302206,0.05530461903663619,-0.05319771806238882
2025,Nivel Central,241190038556.80087,138248782514.57654,1.442033481434362,109.39776381251777,-29607151896.39428,0.2727537271237621,0.0915129949193295,0.2576638105999659,0.191378782269182,0.2206391133932763,0.4249301886920005,0.0458693715214434,0.5731944127618629,1,0.5731944127618629,-0.12275445567135941,3.393577311928311,0.7793608866067236,0.2997199008562131,-0.017485537737353507,0.23559942837283976
2025,Sedes y Seccionales,62096537097.68805,32148239425.336555,1.0281300040200576,81.00392701305815,3994299455.1327376,0.2892962812878862,0.0622751194575967,0.2251784018661664,0.1328425218386629,0.2402595951640868,0.5031332305966707,0.0259006758061463,0.5177138843469177,1,0.5177138843469177,0.06432402903319792,2.0434547373590104,0.7597404048359132,0.22192856715906342,0.014334635164288678,-0.5610824111064954
